ts_utc,cpu_percent_total,mem_percent_total,load1,load5,load15,net_bytes_recv,net_bytes_sent,net_pkts_recv,net_pkts_sent,ai_server_cpu_percent,ai_server_rss_mb,ai_engine_cpu_percent,ai_engine_rss_mb,ai_stack_cpu_percent,ai_stack_rss_mb,fail2ban_cpu_percent,fail2ban_rss_mb,ai_server_pids,ai_engine_pids,fail2ban_pids
2026-03-25T15:53:16.001628+00:00,0.6,14.9,0.13623046875,0.30712890625,0.392578125,33892600,446270346,166896,182580,0.0,99.16796875,0.0,750.15234375,0.0,849.3203125,0.0,29.18359375,"2049730,2049793,2049794",2049653,1311
2026-03-25T15:53:17.203754+00:00,21.6,14.9,0.125,0.3017578125,0.39013671875,33898305,446421082,166958,182664,1.7,99.16796875,0.0,750.15234375,1.7,849.3203125,0.8,29.18359375,"2049730,2049793,2049794",2049653,1311
2026-03-25T15:53:18.405956+00:00,0.6,14.9,0.125,0.3017578125,0.39013671875,33902373,446498048,167005,182724,0.0,99.16796875,0.0,750.15234375,0.0,849.3203125,0.0,29.18359375,"2049730,2049793,2049794",2049653,1311
2026-03-25T15:53:19.608319+00:00,1.2,14.9,0.125,0.3017578125,0.39013671875,33906203,446576430,167048,182783,0.8,99.16796875,0.0,750.15234375,0.8,849.3203125,0.0,29.18359375,"2049730,2049793,2049794",2049653,1311
2026-03-25T15:53:20.810534+00:00,13.3,14.9,0.125,0.3017578125,0.39013671875,33910135,446727104,167094,182860,0.8,99.16796875,0.0,750.15234375,0.8,849.3203125,0.0,29.18359375,"2049730,2049793,2049794",2049653,1311
2026-03-25T15:53:22.012548+00:00,0.6,14.9,0.11474609375,0.29638671875,0.3876953125,33913498,446731989,167133,182900,0.0,99.16796875,0.0,750.15234375,0.0,849.3203125,0.0,29.18359375,"2049730,2049793,2049794",2049653,1311
2026-03-25T15:53:23.214618+00:00,0.0,14.9,0.11474609375,0.29638671875,0.3876953125,33917952,446882767,167186,182981,0.8,99.16796875,0.0,750.15234375,0.8,849.3203125,0.0,29.18359375,"2049730,2049793,2049794",2049653,1311
2026-03-25T15:53:24.416893+00:00,0.6,14.9,0.11474609375,0.29638671875,0.3876953125,33921437,446959092,167225,183031,0.8,99.16796875,0.0,750.15234375,0.8,849.3203125,0.0,29.18359375,"2049730,2049793,2049794",2049653,1311
2026-03-25T15:53:25.619179+00:00,0.6,14.9,0.11474609375,0.29638671875,0.3876953125,33924905,447038184,167263,183093,0.0,99.16796875,0.0,750.15234375,0.0,849.3203125,0.0,29.18359375,"2049730,2049793,2049794",2049653,1311
2026-03-25T15:53:26.821394+00:00,16.1,14.9,0.10546875,0.291015625,0.38525390625,33929091,447189879,167311,183176,0.8,99.16796875,0.0,750.15234375,0.8,849.3203125,0.8,29.18359375,"2049730,2049793,2049794",2049653,1311
2026-03-25T15:53:28.023580+00:00,0.0,14.9,0.10546875,0.291015625,0.38525390625,33932154,447192753,167341,183211,0.0,99.16796875,0.0,750.15234375,0.0,849.3203125,0.0,29.18359375,"2049730,2049793,2049794",2049653,1311
2026-03-25T15:53:29.225837+00:00,0.0,14.9,0.10546875,0.291015625,0.38525390625,33937998,447341452,167400,183282,0.8,99.16796875,0.0,750.15234375,0.8,849.3203125,0.0,29.18359375,"2049730,2049793,2049794",2049653,1311
2026-03-25T15:53:30.428094+00:00,0.0,14.9,0.10546875,0.291015625,0.38525390625,33941432,447416799,167437,183341,0.8,99.16796875,0.0,750.15234375,0.8,849.3203125,0.0,29.18359375,"2049730,2049793,2049794",2049653,1311
2026-03-25T15:53:31.630469+00:00,53.8,14.9,0.17724609375,0.30322265625,0.388671875,33948442,447795214,167519,183447,0.0,99.16796875,0.0,750.15234375,0.0,849.3203125,0.0,29.18359375,"2049730,2049793,2049794",2049653,1311
2026-03-25T15:53:32.831984+00:00,30.0,14.9,0.17724609375,0.30322265625,0.388671875,33957235,448188955,167622,183581,1.7,99.16796875,0.0,750.15234375,1.7,849.3203125,0.0,29.18359375,"2049730,2049793,2049794",2049653,1311
2026-03-25T15:53:34.033874+00:00,8.7,14.9,0.17724609375,0.30322265625,0.388671875,33962739,448233585,167677,183648,0.0,99.16796875,0.0,750.15234375,0.0,849.3203125,0.0,29.18359375,"2049730,2049793,2049794",2049653,1311
2026-03-25T15:53:35.235923+00:00,9.5,14.9,0.17724609375,0.30322265625,0.388671875,33981596,448613481,167877,183862,0.0,99.16796875,0.0,750.15234375,0.0,849.3203125,0.0,29.18359375,"2049730,2049793,2049794",2049653,1311
2026-03-25T15:53:36.437860+00:00,18.1,14.9,0.16259765625,0.2978515625,0.38623046875,34001145,448976919,168081,184076,0.8,99.16796875,0.0,750.15234375,0.8,849.3203125,0.0,29.18359375,"2049730,2049793,2049794",2049653,1311
2026-03-25T15:53:37.640142+00:00,19.3,15.0,0.16259765625,0.2978515625,0.38623046875,34020199,449226217,168282,184261,0.0,99.16796875,0.0,750.15234375,0.0,849.3203125,0.0,29.18359375,"2049730,2049793,2049794",2049653,1311
2026-03-25T15:53:38.842124+00:00,21.9,15.0,0.16259765625,0.2978515625,0.38623046875,34027358,449379071,168359,184354,0.8,99.16796875,0.0,750.15234375,0.8,849.3203125,0.0,29.18359375,"2049730,2049793,2049794",2049653,1311
2026-03-25T15:53:40.043525+00:00,39.4,15.0,0.16259765625,0.2978515625,0.38623046875,34034507,449386347,168434,184409,0.0,99.16796875,0.0,750.15234375,0.0,849.3203125,0.0,29.18359375,"2049730,2049793,2049794",2049653,1311
2026-03-25T15:53:41.245585+00:00,6.9,15.0,0.1494140625,0.29248046875,0.3837890625,34041042,449539049,168505,184496,0.8,99.16796875,0.0,750.15234375,0.8,849.3203125,0.0,29.18359375,"2049730,2049793,2049794",2049653,1311
2026-03-25T15:53:42.447890+00:00,17.7,15.0,0.1494140625,0.29248046875,0.3837890625,34047781,449617890,168571,184558,0.0,99.16796875,0.0,750.15234375,0.0,849.3203125,0.0,29.18359375,"2049730,2049793,2049794",2049653,1311
2026-03-25T15:53:43.650196+00:00,6.9,15.0,0.1494140625,0.29248046875,0.3837890625,34051501,449697485,168616,184610,1.7,99.16796875,0.0,750.15234375,1.7,849.3203125,0.0,29.18359375,"2049730,2049793,2049794",2049653,1311
2026-03-25T15:53:44.852539+00:00,17.4,15.0,0.1494140625,0.29248046875,0.3837890625,34056692,449849713,168674,184692,0.0,99.16796875,0.0,750.15234375,0.0,849.3203125,0.0,29.18359375,"2049730,2049793,2049794",2049653,1311
2026-03-25T15:53:46.054673+00:00,8.8,15.0,0.13720703125,0.28759765625,0.38134765625,34059917,449856117,168706,184730,0.0,99.16796875,0.0,750.15234375,0.0,849.3203125,0.0,29.18359375,"2049730,2049793,2049794",2049653,1311
2026-03-25T15:53:47.256885+00:00,0.6,15.0,0.13720703125,0.28759765625,0.38134765625,34063863,450004183,168753,184795,1.7,99.16796875,0.0,750.15234375,1.7,849.3203125,0.0,29.18359375,"2049730,2049793,2049794",2049653,1311
2026-03-25T15:53:48.459274+00:00,12.7,15.0,0.13720703125,0.28759765625,0.38134765625,34067821,450080299,168794,184852,0.0,99.16796875,0.0,750.15234375,0.0,849.3203125,0.0,29.18359375,"2049730,2049793,2049794",2049653,1311
2026-03-25T15:53:49.661620+00:00,0.6,15.0,0.13720703125,0.28759765625,0.38134765625,34072069,450157042,168838,184908,1.6,99.16796875,0.0,750.15234375,1.6,849.3203125,0.0,29.18359375,"2049730,2049793,2049794",2049653,1311
2026-03-25T15:53:50.863765+00:00,13.2,15.0,0.13720703125,0.28759765625,0.38134765625,34076341,450306611,168887,184985,0.8,99.16796875,0.0,750.15234375,0.8,849.3203125,0.0,29.18359375,"2049730,2049793,2049794",2049653,1311
2026-03-25T15:53:52.066033+00:00,45.6,15.0,0.1259765625,0.28271484375,0.37890625,34081015,450337027,168934,185042,0.0,99.16796875,0.0,750.15234375,0.0,849.3203125,0.0,29.18359375,"2049730,2049793,2049794",2049653,1311
2026-03-25T15:53:53.267395+00:00,1.2,14.8,0.1259765625,0.28271484375,0.37890625,34090750,450571136,169032,185168,0.8,99.16796875,0.0,750.15234375,0.8,849.3203125,0.0,29.18359375,"2049730,2049793,2049794",2049653,1311
2026-03-25T15:53:54.469607+00:00,13.8,14.8,0.1259765625,0.28271484375,0.37890625,34099256,450727915,169125,185285,0.0,99.16796875,0.0,750.15234375,0.0,849.3203125,0.0,29.18359375,"2049730,2049793,2049794",2049653,1311
2026-03-25T15:53:55.671989+00:00,0.6,14.8,0.1259765625,0.28271484375,0.37890625,34118172,451127700,169327,185498,0.8,99.16796875,0.0,750.15234375,0.8,849.3203125,0.0,29.18359375,"2049730,2049793,2049794",2049653,1311
2026-03-25T15:53:56.874276+00:00,15.0,14.8,0.11572265625,0.27783203125,0.37646484375,34136844,451569372,169524,185717,0.8,99.16796875,0.0,750.15234375,0.8,849.3203125,0.0,29.18359375,"2049730,2049793,2049794",2049653,1311
2026-03-25T15:53:58.076756+00:00,1.9,14.8,0.11572265625,0.27783203125,0.37646484375,34148317,451703762,169645,185836,0.0,99.16796875,0.0,750.15234375,0.0,849.3203125,0.0,29.18359375,"2049730,2049793,2049794",2049653,1311
2026-03-25T15:53:59.278993+00:00,0.6,14.8,0.11572265625,0.27783203125,0.37646484375,34154008,451859122,169703,185917,0.8,99.16796875,0.0,750.15234375,0.8,849.3203125,0.0,29.18359375,"2049730,2049793,2049794",2049653,1311
2026-03-25T15:54:00.481017+00:00,10.8,14.9,0.11572265625,0.27783203125,0.37646484375,34157377,451899725,169737,185968,0.8,99.16796875,0.0,750.15234375,0.8,849.3203125,0.0,29.18359375,"2049730,2049793,2049794",2049653,1311
2026-03-25T15:54:01.682332+00:00,9.9,14.9,0.1064453125,0.27294921875,0.3740234375,34165064,452016509,169814,186046,0.0,99.16796875,0.0,750.15234375,0.0,849.3203125,0.0,29.18359375,"2049730,2049793,2049794",2049653,1311
2026-03-25T15:54:02.884489+00:00,14.4,14.9,0.1064453125,0.27294921875,0.3740234375,34169256,452167392,169865,186126,0.8,99.16796875,0.0,750.15234375,0.8,849.3203125,0.0,29.18359375,"2049730,2049793,2049794",2049653,1311
2026-03-25T15:54:04.086897+00:00,1.9,14.9,0.1064453125,0.27294921875,0.3740234375,34172361,452172336,169897,186166,0.0,99.16796875,0.0,750.15234375,0.0,849.3203125,0.0,29.18359375,"2049730,2049793,2049794",2049653,1311
2026-03-25T15:54:05.289124+00:00,0.6,14.9,0.1064453125,0.27294921875,0.3740234375,34176493,452321910,169938,186232,0.8,99.16796875,0.0,750.15234375,0.8,849.3203125,0.0,29.18359375,"2049730,2049793,2049794",2049653,1311
2026-03-25T15:54:06.491571+00:00,0.0,14.9,0.09765625,0.26806640625,0.37158203125,34177525,452321910,169949,186232,0.0,99.171875,0.0,750.15234375,0.0,849.32421875,0.0,29.18359375,"2049730,2049793,2049794",2049653,1311
2026-03-25T15:54:07.693869+00:00,0.6,14.9,0.09765625,0.26806640625,0.37158203125,34178596,452321910,169965,186232,0.8,99.16796875,0.0,750.15234375,0.8,849.3203125,0.0,29.18359375,"2049730,2049793,2049794",2049653,1311
2026-03-25T15:54:08.896098+00:00,13.1,14.8,0.09765625,0.26806640625,0.37158203125,34179076,452321910,169973,186232,1.7,99.16796875,0.0,750.15234375,1.7,849.3203125,0.8,29.18359375,"2049730,2049793,2049794",2049653,1311
2026-03-25T15:54:10.098439+00:00,3.1,14.8,0.09765625,0.26806640625,0.37158203125,34180120,452321910,169990,186232,0.0,99.16796875,0.0,750.15234375,0.0,849.3203125,0.0,29.18359375,"2049730,2049793,2049794",2049653,1311
2026-03-25T15:54:11.300655+00:00,0.6,14.8,0.08935546875,0.26318359375,0.369140625,34180924,452321964,170003,186233,0.8,99.16796875,0.0,750.15234375,0.8,849.3203125,0.0,29.18359375,"2049730,2049793,2049794",2049653,1311
2026-03-25T15:54:12.502799+00:00,1.2,14.8,0.08935546875,0.26318359375,0.369140625,34183047,452321964,170020,186233,0.0,99.16796875,0.0,750.15234375,0.0,849.3203125,0.0,29.18359375,"2049730,2049793,2049794",2049653,1311
2026-03-25T15:54:13.704930+00:00,1.2,14.8,0.08935546875,0.26318359375,0.369140625,34183974,452321964,170034,186233,0.8,99.16796875,0.0,750.15234375,0.8,849.3203125,0.0,29.18359375,"2049730,2049793,2049794",2049653,1311
2026-03-25T15:54:14.909533+00:00,7.5,14.8,0.08935546875,0.26318359375,0.369140625,34184514,452321964,170043,186233,0.8,99.16796875,0.0,750.15234375,0.8,849.3203125,0.0,29.18359375,"2049730,2049793,2049794",2049653,1311
2026-03-25T15:54:16.111868+00:00,2.5,14.8,0.08203125,0.2587890625,0.36669921875,34185225,452322018,170053,186234,0.0,99.16796875,0.0,750.15234375,0.0,849.3203125,0.0,29.18359375,"2049730,2049793,2049794",2049653,1311
2026-03-25T15:54:17.314248+00:00,0.6,14.8,0.08203125,0.2587890625,0.36669921875,34185645,452322064,170060,186235,0.8,99.16796875,0.0,750.15234375,0.8,849.3203125,0.0,29.18359375,"2049730,2049793,2049794",2049653,1311
2026-03-25T15:54:18.516622+00:00,0.0,14.8,0.08203125,0.2587890625,0.36669921875,34186149,452322064,170068,186235,0.0,99.16796875,0.0,750.15234375,0.0,849.3203125,0.0,29.18359375,"2049730,2049793,2049794",2049653,1311
2026-03-25T15:54:19.718926+00:00,0.0,14.8,0.08203125,0.2587890625,0.36669921875,34186851,452322064,170074,186235,0.8,99.16796875,0.0,750.15234375,0.8,849.3203125,0.0,29.18359375,"2049730,2049793,2049794",2049653,1311
2026-03-25T15:54:20.921325+00:00,1.2,14.8,0.08203125,0.2587890625,0.36669921875,34188111,452322118,170092,186236,0.8,99.16796875,0.0,750.15234375,0.8,849.3203125,0.0,29.18359375,"2049730,2049793,2049794",2049653,1311
2026-03-25T15:54:22.123569+00:00,1.9,14.8,0.0751953125,0.25439453125,0.3642578125,34188555,452322118,170099,186236,0.0,99.16796875,0.0,750.15234375,0.0,849.3203125,0.0,29.18359375,"2049730,2049793,2049794",2049653,1311
2026-03-25T15:54:23.325661+00:00,0.6,14.8,0.0751953125,0.25439453125,0.3642578125,34189172,452322118,170107,186236,0.8,99.16796875,0.0,750.15234375,0.8,849.3203125,0.0,29.18359375,"2049730,2049793,2049794",2049653,1311
2026-03-25T15:54:24.527955+00:00,1.2,14.8,0.0751953125,0.25439453125,0.3642578125,34189556,452322118,170113,186236,0.0,99.16796875,0.0,750.15234375,0.0,849.3203125,0.0,29.18359375,"2049730,2049793,2049794",2049653,1311
2026-03-25T15:54:25.730108+00:00,0.0,14.8,0.0751953125,0.25439453125,0.3642578125,34190878,452322172,170125,186237,0.8,99.16796875,0.0,750.15234375,0.8,849.3203125,0.0,29.18359375,"2049730,2049793,2049794",2049653,1311
2026-03-25T15:54:26.932306+00:00,3.7,14.9,0.06884765625,0.25,0.36181640625,34192344,452322172,170139,186237,0.0,99.16796875,0.0,750.15234375,0.0,849.3203125,0.0,29.18359375,"2049730,2049793,2049794",2049653,1311
2026-03-25T15:54:28.134593+00:00,2.5,14.9,0.06884765625,0.25,0.36181640625,34192942,452322172,170146,186237,0.0,99.16796875,0.0,750.15234375,0.0,849.3203125,0.0,29.18359375,"2049730,2049793,2049794",2049653,1311
2026-03-25T15:54:29.336918+00:00,0.0,14.9,0.06884765625,0.25,0.36181640625,34195289,452322172,170162,186237,1.7,99.16796875,0.0,750.15234375,1.7,849.3203125,0.0,29.18359375,"2049730,2049793,2049794",2049653,1311
2026-03-25T15:54:30.539191+00:00,0.0,14.9,0.06884765625,0.25,0.36181640625,34196279,452322258,170172,186238,0.0,99.16796875,0.0,750.15234375,0.0,849.3203125,0.0,29.18359375,"2049730,2049793,2049794",2049653,1311
2026-03-25T15:54:31.741392+00:00,0.6,14.9,0.06298828125,0.24560546875,0.35986328125,34198600,452322312,170192,186239,0.8,99.16796875,0.0,750.15234375,0.8,849.3203125,0.0,29.18359375,"2049730,2049793,2049794",2049653,1311
2026-03-25T15:54:32.943666+00:00,10.6,14.9,0.06298828125,0.24560546875,0.35986328125,34198986,452322312,170198,186239,0.0,99.16796875,0.0,750.15234375,0.0,849.3203125,0.0,29.18359375,"2049730,2049793,2049794",2049653,1311
2026-03-25T15:54:34.146053+00:00,2.5,14.9,0.06298828125,0.24560546875,0.35986328125,34199760,452322312,170208,186239,0.0,99.16796875,0.0,750.15234375,0.0,849.3203125,0.0,29.18359375,"2049730,2049793,2049794",2049653,1311
2026-03-25T15:54:35.348396+00:00,0.6,14.9,0.06298828125,0.24560546875,0.35986328125,34200810,452322312,170223,186239,0.8,99.16796875,0.0,750.15234375,0.8,849.3203125,0.0,29.18359375,"2049730,2049793,2049794",2049653,1311
2026-03-25T15:54:36.550563+00:00,0.6,14.9,0.0576171875,0.2412109375,0.35791015625,34201914,452322408,170236,186241,0.0,99.16796875,0.0,750.15234375,0.0,849.3203125,0.0,29.18359375,"2049730,2049793,2049794",2049653,1311
2026-03-25T15:54:37.752729+00:00,0.6,14.9,0.0576171875,0.2412109375,0.35791015625,34202958,452322408,170253,186241,1.7,99.16796875,0.0,750.15234375,1.7,849.3203125,0.0,29.18359375,"2049730,2049793,2049794",2049653,1311
2026-03-25T15:54:38.955043+00:00,13.0,14.9,0.0576171875,0.2412109375,0.35791015625,34203740,452322408,170265,186241,0.8,99.16796875,0.0,750.15234375,0.8,849.3203125,0.0,29.18359375,"2049730,2049793,2049794",2049653,1311
2026-03-25T15:54:40.157366+00:00,1.9,14.9,0.0576171875,0.2412109375,0.35791015625,34204424,452322408,170276,186241,0.0,99.16796875,0.0,750.15234375,0.0,849.3203125,0.8,29.18359375,"2049730,2049793,2049794",2049653,1311
2026-03-25T15:54:41.359754+00:00,0.6,14.9,0.13330078125,0.25390625,0.36181640625,34205144,452322462,170288,186242,0.8,99.16796875,0.0,750.15234375,0.8,849.3203125,0.0,29.18359375,"2049730,2049793,2049794",2049653,1311
2026-03-25T15:54:42.562088+00:00,0.6,14.9,0.13330078125,0.25390625,0.36181640625,34207567,452322462,170310,186242,0.0,99.16796875,0.0,750.15234375,0.0,849.3203125,0.0,29.18359375,"2049730,2049793,2049794",2049653,1311
2026-03-25T15:54:43.764408+00:00,0.6,14.9,0.13330078125,0.25390625,0.36181640625,34209665,452322462,170336,186242,0.8,99.16796875,0.8,750.15234375,1.6,849.3203125,0.0,29.18359375,"2049730,2049793,2049794",2049653,1311
2026-03-25T15:54:44.966687+00:00,12.5,14.9,0.13330078125,0.25390625,0.36181640625,34210599,452322462,170344,186242,0.8,99.16796875,0.0,750.15234375,0.8,849.3203125,0.0,29.18359375,"2049730,2049793,2049794",2049653,1311
2026-03-25T15:54:46.168928+00:00,2.5,14.9,0.203125,0.2666015625,0.36572265625,34213963,452322516,170367,186243,0.0,99.16796875,0.0,750.15234375,0.0,849.3203125,0.0,29.18359375,"2049730,2049793,2049794",2049653,1311
2026-03-25T15:54:47.371244+00:00,0.6,14.9,0.203125,0.2666015625,0.36572265625,34215822,452322516,170383,186243,0.8,99.16796875,0.0,750.15234375,0.8,849.3203125,0.0,29.18359375,"2049730,2049793,2049794",2049653,1311
2026-03-25T15:54:48.573568+00:00,0.6,14.9,0.203125,0.2666015625,0.36572265625,34216512,452322516,170392,186243,0.0,99.16796875,0.0,750.15234375,0.0,849.3203125,0.0,29.18359375,"2049730,2049793,2049794",2049653,1311
2026-03-25T15:54:49.775666+00:00,0.6,14.9,0.203125,0.2666015625,0.36572265625,34218487,452322516,170406,186243,0.8,99.16796875,0.0,750.15234375,0.8,849.3203125,0.0,29.18359375,"2049730,2049793,2049794",2049653,1311
2026-03-25T15:54:50.978073+00:00,13.1,14.9,0.203125,0.2666015625,0.36572265625,34219671,452322570,170419,186244,0.8,99.16796875,0.0,750.15234375,0.8,849.3203125,0.0,29.18359375,"2049730,2049793,2049794",2049653,1311
2026-03-25T15:54:52.179654+00:00,1.9,14.9,0.1865234375,0.26171875,0.36328125,34220900,452322570,170435,186244,0.0,99.16796875,0.0,750.15234375,0.0,849.3203125,0.0,29.18359375,"2049730,2049793,2049794",2049653,1311
2026-03-25T15:54:53.382009+00:00,1.2,14.9,0.1865234375,0.26171875,0.36328125,34222132,452322570,170441,186244,0.8,99.16796875,0.0,750.15234375,0.8,849.3203125,0.0,29.18359375,"2049730,2049793,2049794",2049653,1311
2026-03-25T15:54:54.584232+00:00,0.6,14.9,0.1865234375,0.26171875,0.36328125,34222630,452322570,170447,186244,0.0,99.16796875,0.0,750.15234375,0.0,849.3203125,0.0,29.18359375,"2049730,2049793,2049794",2049653,1311
2026-03-25T15:54:55.786295+00:00,1.2,14.9,0.1865234375,0.26171875,0.36328125,34223271,452322570,170453,186244,1.7,99.16796875,0.0,750.15234375,1.7,849.3203125,0.0,29.18359375,"2049730,2049793,2049794",2049653,1311
2026-03-25T15:54:56.988551+00:00,1.9,14.9,0.17138671875,0.25732421875,0.361328125,34224741,452322724,170466,186246,0.8,99.171875,0.0,750.15234375,0.8,849.32421875,0.0,29.18359375,"2049730,2049793,2049794",2049653,1311
2026-03-25T15:54:58.190655+00:00,2.5,14.9,0.17138671875,0.25732421875,0.361328125,34226523,452323230,170481,186252,0.0,99.16796875,0.0,750.15234375,0.0,849.3203125,0.0,29.18359375,"2049730,2049793,2049794",2049653,1311
2026-03-25T15:54:59.392931+00:00,0.6,14.9,0.17138671875,0.25732421875,0.361328125,34229822,452323230,170506,186252,0.8,99.16796875,0.0,750.15234375,0.8,849.3203125,0.0,29.18359375,"2049730,2049793,2049794",2049653,1311
2026-03-25T15:55:00.595041+00:00,0.0,14.9,0.17138671875,0.25732421875,0.361328125,34231222,452323516,170518,186255,0.0,99.16796875,0.0,750.15234375,0.0,849.3203125,0.0,29.18359375,"2049730,2049793,2049794",2049653,1311
2026-03-25T15:55:01.797209+00:00,0.6,14.9,0.95849609375,0.41943359375,0.41357421875,34232916,452323604,170534,186257,0.0,99.171875,0.0,750.15234375,0.0,849.32421875,0.0,29.18359375,"2049730,2049793,2049794",2049653,1311
2026-03-25T15:55:02.999480+00:00,0.0,14.9,0.95849609375,0.41943359375,0.41357421875,34233860,452323604,170544,186257,1.7,99.171875,0.0,750.15234375,1.7,849.32421875,0.0,29.18359375,"2049730,2049793,2049794",2049653,1311
2026-03-25T15:55:04.201923+00:00,2.5,14.9,0.95849609375,0.41943359375,0.41357421875,34234514,452323604,170551,186257,0.0,99.171875,0.0,750.15234375,0.0,849.32421875,0.0,29.18359375,"2049730,2049793,2049794",2049653,1311
2026-03-25T15:55:05.404167+00:00,0.6,14.9,0.95849609375,0.41943359375,0.41357421875,34235882,452323658,170564,186258,0.8,99.171875,0.0,750.15234375,0.8,849.32421875,0.0,29.18359375,"2049730,2049793,2049794",2049653,1311
2026-03-25T15:55:06.606491+00:00,0.0,14.9,0.88134765625,0.412109375,0.4111328125,34237330,452323658,170584,186258,0.0,99.171875,0.0,750.15234375,0.0,849.32421875,0.0,29.18359375,"2049730,2049793,2049794",2049653,1311
2026-03-25T15:55:07.808623+00:00,0.0,14.9,0.88134765625,0.412109375,0.4111328125,34239034,452324084,170601,186263,0.8,99.171875,0.0,750.15234375,0.8,849.32421875,0.8,29.18359375,"2049730,2049793,2049794",2049653,1311
2026-03-25T15:55:09.010706+00:00,0.6,14.9,0.88134765625,0.412109375,0.4111328125,34240067,452324084,170615,186263,0.0,99.171875,0.0,750.15234375,0.0,849.32421875,0.0,29.18359375,"2049730,2049793,2049794",2049653,1311
2026-03-25T15:55:10.213165+00:00,3.1,14.9,0.88134765625,0.412109375,0.4111328125,34240718,452324084,170624,186263,0.8,99.171875,0.0,750.15234375,0.8,849.32421875,0.0,29.18359375,"2049730,2049793,2049794",2049653,1311
2026-03-25T15:55:11.415565+00:00,0.6,14.9,0.810546875,0.40478515625,0.40869140625,34241487,452324084,170635,186263,1.7,99.171875,0.0,750.15234375,1.7,849.32421875,0.0,29.18359375,"2049730,2049793,2049794",2049653,1311
2026-03-25T15:55:12.617823+00:00,0.0,14.9,0.810546875,0.40478515625,0.40869140625,34244380,452324184,170661,186265,0.0,99.171875,0.0,750.15234375,0.0,849.32421875,0.0,29.18359375,"2049730,2049793,2049794",2049653,1311
2026-03-25T15:55:13.819982+00:00,1.2,14.9,0.810546875,0.40478515625,0.40869140625,34245798,452324230,170682,186266,0.0,99.171875,0.0,750.15234375,0.0,849.32421875,0.0,29.18359375,"2049730,2049793,2049794",2049653,1311
2026-03-25T15:55:15.022274+00:00,0.0,14.9,0.810546875,0.40478515625,0.40869140625,34246304,452324316,170690,186267,1.6,99.171875,0.0,750.15234375,1.6,849.32421875,0.0,29.18359375,"2049730,2049793,2049794",2049653,1311
2026-03-25T15:55:16.224752+00:00,1.9,14.9,0.74560546875,0.39794921875,0.40625,34246868,452324316,170696,186267,0.0,99.171875,0.0,750.15234375,0.0,849.32421875,0.0,29.18359375,"2049730,2049793,2049794",2049653,1311
2026-03-25T15:55:17.426989+00:00,1.2,14.9,0.74560546875,0.39794921875,0.40625,34247494,452324316,170706,186267,0.8,99.171875,0.0,750.15234375,0.8,849.32421875,0.0,29.18359375,"2049730,2049793,2049794",2049653,1311
2026-03-25T15:55:18.629240+00:00,0.0,14.9,0.74560546875,0.39794921875,0.40625,34248178,452324370,170717,186268,0.0,99.171875,0.0,750.15234375,0.0,849.32421875,0.0,29.18359375,"2049730,2049793,2049794",2049653,1311
2026-03-25T15:55:19.831640+00:00,0.6,14.9,0.74560546875,0.39794921875,0.40625,34248527,452324370,170721,186268,1.7,99.17578125,0.0,750.15234375,1.7,849.328125,0.0,29.18359375,"2049730,2049793,2049794",2049653,1311
2026-03-25T15:55:21.034003+00:00,0.6,14.9,0.74560546875,0.39794921875,0.40625,34248887,452324370,170727,186268,0.8,99.17578125,0.0,750.15234375,0.8,849.328125,0.0,29.18359375,"2049730,2049793,2049794",2049653,1311
2026-03-25T15:55:22.236350+00:00,2.5,14.9,0.685546875,0.39111328125,0.40380859375,34249211,452324370,170732,186268,0.0,99.17578125,0.0,750.15234375,0.0,849.328125,0.8,29.18359375,"2049730,2049793,2049794",2049653,1311
2026-03-25T15:55:23.438592+00:00,12.4,14.9,0.685546875,0.39111328125,0.40380859375,34249897,452324424,170743,186269,0.8,99.17578125,0.0,750.15234375,0.8,849.328125,0.0,29.18359375,"2049730,2049793,2049794",2049653,1311
2026-03-25T15:55:24.640881+00:00,0.6,14.9,0.685546875,0.39111328125,0.40380859375,34250187,452324424,170747,186269,0.0,99.17578125,0.0,750.15234375,0.0,849.328125,0.0,29.18359375,"2049730,2049793,2049794",2049653,1311
2026-03-25T15:55:25.843011+00:00,0.6,14.9,0.685546875,0.39111328125,0.40380859375,34250633,452324424,170754,186269,0.8,99.17578125,0.0,750.15234375,0.8,849.328125,0.0,29.18359375,"2049730,2049793,2049794",2049653,1311
2026-03-25T15:55:27.045190+00:00,0.6,14.9,0.63037109375,0.38427734375,0.4013671875,34251262,452324424,170761,186269,0.8,99.17578125,0.0,750.15234375,0.8,849.328125,0.0,29.18359375,"2049730,2049793,2049794",2049653,1311
2026-03-25T15:55:28.247485+00:00,1.9,14.9,0.63037109375,0.38427734375,0.4013671875,34252024,452324478,170768,186270,0.8,99.17578125,0.0,750.15234375,0.8,849.328125,0.0,29.18359375,"2049730,2049793,2049794",2049653,1311
2026-03-25T15:55:29.449830+00:00,13.7,14.9,0.63037109375,0.38427734375,0.4013671875,34253869,452324564,170781,186271,0.8,99.17578125,0.0,750.15234375,0.8,849.328125,0.0,29.18359375,"2049730,2049793,2049794",2049653,1311
2026-03-25T15:55:30.652199+00:00,0.6,14.9,0.63037109375,0.38427734375,0.4013671875,34254313,452324610,170788,186272,0.0,99.17578125,0.0,750.15234375,0.0,849.328125,0.0,29.18359375,"2049730,2049793,2049794",2049653,1311
2026-03-25T15:55:31.854598+00:00,0.6,14.9,0.57958984375,0.37744140625,0.39892578125,34255903,452324610,170802,186272,0.0,99.17578125,0.0,750.15234375,0.0,849.328125,0.0,29.18359375,"2049730,2049793,2049794",2049653,1311
2026-03-25T15:55:33.056916+00:00,0.6,14.9,0.57958984375,0.37744140625,0.39892578125,34257010,452324664,170811,186273,1.7,99.17578125,0.0,750.15234375,1.7,849.328125,0.0,29.18359375,"2049730,2049793,2049794",2049653,1311
2026-03-25T15:55:34.259252+00:00,2.5,14.9,0.57958984375,0.37744140625,0.39892578125,34258100,452324664,170817,186273,0.0,99.17578125,0.0,750.15234375,0.0,849.328125,0.0,29.18359375,"2049730,2049793,2049794",2049653,1311
2026-03-25T15:55:35.461580+00:00,14.3,14.9,0.57958984375,0.37744140625,0.39892578125,34258700,452324710,170827,186274,0.8,99.1796875,0.0,750.15234375,0.8,849.33203125,0.0,29.18359375,"2049730,2049793,2049794",2049653,1311
2026-03-25T15:55:36.663998+00:00,0.0,14.9,0.53271484375,0.37109375,0.396484375,34259144,452324710,170834,186274,0.0,99.1796875,0.0,750.15234375,0.0,849.33203125,0.0,29.18359375,"2049730,2049793,2049794",2049653,1311
2026-03-25T15:55:37.866160+00:00,0.0,14.9,0.53271484375,0.37109375,0.396484375,34261006,452324764,170854,186275,0.8,99.1796875,0.0,750.15234375,0.8,849.33203125,0.8,29.18359375,"2049730,2049793,2049794",2049653,1311
2026-03-25T15:55:39.068209+00:00,0.6,14.9,0.53271484375,0.37109375,0.396484375,34262053,452324806,170869,186276,0.0,99.1796875,0.0,750.15234375,0.0,849.33203125,0.0,29.18359375,"2049730,2049793,2049794",2049653,1311
2026-03-25T15:55:40.270303+00:00,1.9,14.9,0.53271484375,0.37109375,0.396484375,34262935,452324806,170878,186276,0.8,99.1796875,0.0,750.15234375,0.8,849.33203125,0.0,29.18359375,"2049730,2049793,2049794",2049653,1311
2026-03-25T15:55:41.472494+00:00,16.7,14.9,0.48974609375,0.36474609375,0.39404296875,35960760,453851486,199171,214548,1.7,99.1796875,0.0,750.15234375,1.7,849.33203125,0.0,29.18359375,"2049730,2049793,2049794",2049653,1311
2026-03-25T15:55:42.675440+00:00,1.2,14.9,0.48974609375,0.36474609375,0.39404296875,38200076,455863800,236465,251813,0.0,99.1796875,0.0,750.15234375,0.0,849.33203125,0.0,29.18359375,"2049730,2049793,2049794",2049653,1311
2026-03-25T15:55:43.877776+00:00,0.6,14.9,0.48974609375,0.36474609375,0.39404296875,38201253,455863900,236480,251815,0.8,99.1796875,0.0,750.15234375,0.8,849.33203125,0.0,29.18359375,"2049730,2049793,2049794",2049653,1311
2026-03-25T15:55:45.080098+00:00,0.6,14.9,0.48974609375,0.36474609375,0.39404296875,38202741,455863900,236490,251815,0.0,99.1796875,0.0,750.15234375,0.0,849.33203125,0.0,29.18359375,"2049730,2049793,2049794",2049653,1311
2026-03-25T15:55:46.282424+00:00,1.3,14.9,0.4501953125,0.3583984375,0.3916015625,38203639,455863900,236503,251815,0.0,99.1796875,0.0,750.15234375,0.0,849.33203125,0.0,29.18359375,"2049730,2049793,2049794",2049653,1311
2026-03-25T15:55:47.484708+00:00,1.9,14.9,0.4501953125,0.3583984375,0.3916015625,38205238,455864028,236518,251817,1.7,99.18359375,0.0,750.15234375,1.7,849.3359375,0.0,29.18359375,"2049730,2049793,2049794",2049653,1311
2026-03-25T15:55:48.687024+00:00,0.6,14.9,0.4501953125,0.3583984375,0.3916015625,38205502,455864082,236522,251818,0.0,99.1796875,0.0,750.15234375,0.0,849.33203125,0.0,29.18359375,"2049730,2049793,2049794",2049653,1311
2026-03-25T15:55:49.889185+00:00,0.0,14.9,0.4501953125,0.3583984375,0.3916015625,38205851,455864082,236526,251818,0.8,99.1796875,0.0,750.15234375,0.8,849.33203125,0.0,29.18359375,"2049730,2049793,2049794",2049653,1311
2026-03-25T15:55:51.091312+00:00,0.6,14.9,0.49462890625,0.369140625,0.39501953125,38206298,455864082,236532,251818,0.0,99.1796875,0.0,750.15234375,0.0,849.33203125,0.0,29.18359375,"2049730,2049793,2049794",2049653,1311
2026-03-25T15:55:52.293594+00:00,1.9,14.9,0.49462890625,0.369140625,0.39501953125,38206442,455864082,236534,251818,0.8,99.1796875,0.0,750.15234375,0.8,849.33203125,0.0,29.18359375,"2049730,2049793,2049794",2049653,1311
2026-03-25T15:55:53.495822+00:00,0.6,14.9,0.49462890625,0.369140625,0.39501953125,38207826,455864136,236547,251819,0.0,99.1796875,0.0,750.15234375,0.0,849.33203125,0.0,29.18359375,"2049730,2049793,2049794",2049653,1311
2026-03-25T15:55:54.698159+00:00,0.0,14.9,0.49462890625,0.369140625,0.39501953125,38208472,455864136,236554,251819,0.8,99.1796875,0.8,750.15234375,1.6,849.33203125,0.0,29.18359375,"2049730,2049793,2049794",2049653,1311
2026-03-25T15:55:55.900438+00:00,0.0,14.9,0.49462890625,0.369140625,0.39501953125,38209580,455864136,236564,251819,0.8,99.1796875,0.0,750.15234375,0.8,849.33203125,0.0,29.18359375,"2049730,2049793,2049794",2049653,1311
2026-03-25T15:55:57.102925+00:00,0.6,14.9,0.45458984375,0.36279296875,0.392578125,38209700,455864182,236566,251820,0.0,99.1796875,0.0,750.15234375,0.0,849.33203125,0.0,29.18359375,"2049730,2049793,2049794",2049653,1311
2026-03-25T15:55:58.305291+00:00,2.5,14.9,0.45458984375,0.36279296875,0.392578125,38210204,455864236,236574,251821,1.7,99.1796875,0.0,750.15234375,1.7,849.33203125,0.0,29.18359375,"2049730,2049793,2049794",2049653,1311
2026-03-25T15:55:59.507559+00:00,0.0,14.9,0.45458984375,0.36279296875,0.392578125,38212278,455864236,236589,251821,0.0,99.1796875,0.0,750.15234375,0.0,849.33203125,0.0,29.18359375,"2049730,2049793,2049794",2049653,1311
2026-03-25T15:56:00.709688+00:00,0.6,14.9,0.45458984375,0.36279296875,0.392578125,38212362,455864236,236590,251821,0.8,99.1796875,0.0,750.15234375,0.8,849.33203125,0.0,29.18359375,"2049730,2049793,2049794",2049653,1311
2026-03-25T15:56:01.911901+00:00,0.0,14.9,0.41796875,0.3564453125,0.39013671875,38213920,455864236,236601,251821,0.8,99.1796875,0.0,750.15234375,0.8,849.33203125,0.0,29.18359375,"2049730,2049793,2049794",2049653,1311
2026-03-25T15:56:03.114174+00:00,1.2,14.9,0.41796875,0.3564453125,0.39013671875,38215124,455864290,236616,251822,0.0,99.1796875,0.0,750.15234375,0.0,849.33203125,0.0,29.18359375,"2049730,2049793,2049794",2049653,1311
2026-03-25T15:56:04.316301+00:00,1.9,14.9,0.41796875,0.3564453125,0.39013671875,38216044,455864290,236628,251822,0.8,99.1796875,0.0,750.15234375,0.8,849.33203125,0.0,29.18359375,"2049730,2049793,2049794",2049653,1311
2026-03-25T15:56:05.518565+00:00,1.2,14.9,0.41796875,0.3564453125,0.39013671875,38216602,455864290,236636,251822,0.0,99.1796875,0.0,750.15234375,0.0,849.33203125,0.0,29.18359375,"2049730,2049793,2049794",2049653,1311
2026-03-25T15:56:06.720884+00:00,0.0,14.9,0.38427734375,0.35009765625,0.3876953125,38217768,455864290,236650,251822,0.0,99.1796875,0.0,750.15234375,0.0,849.33203125,0.0,29.18359375,"2049730,2049793,2049794",2049653,1311
2026-03-25T15:56:07.923070+00:00,0.0,14.9,0.38427734375,0.35009765625,0.3876953125,38218691,455864290,236661,251822,1.7,99.1796875,0.0,750.15234375,1.7,849.33203125,0.0,29.18359375,"2049730,2049793,2049794",2049653,1311
2026-03-25T15:56:09.125388+00:00,1.9,14.9,0.38427734375,0.35009765625,0.3876953125,38219291,455864386,236671,251824,0.8,99.1796875,0.0,750.15234375,0.8,849.33203125,0.8,29.18359375,"2049730,2049793,2049794",2049653,1311
2026-03-25T15:56:10.327769+00:00,1.9,14.9,0.38427734375,0.35009765625,0.3876953125,38221579,455864472,236694,251825,0.0,99.1796875,0.0,750.15234375,0.0,849.33203125,0.0,29.18359375,"2049730,2049793,2049794",2049653,1311
2026-03-25T15:56:11.530157+00:00,0.6,14.9,0.35302734375,0.34423828125,0.38525390625,38222677,455864472,236709,251825,0.0,99.1796875,0.0,750.15234375,0.0,849.33203125,0.0,29.18359375,"2049730,2049793,2049794",2049653,1311
2026-03-25T15:56:12.732376+00:00,0.6,14.9,0.35302734375,0.34423828125,0.38525390625,38224792,455864472,236725,251825,0.8,99.1796875,0.0,750.15234375,0.8,849.33203125,0.0,29.18359375,"2049730,2049793,2049794",2049653,1311
2026-03-25T15:56:13.934526+00:00,11.3,14.9,0.35302734375,0.34423828125,0.38525390625,38226658,455864526,236745,251826,1.7,99.1796875,0.0,750.15234375,1.7,849.33203125,0.0,29.18359375,"2049730,2049793,2049794",2049653,1311
2026-03-25T15:56:15.136744+00:00,0.6,14.9,0.35302734375,0.34423828125,0.38525390625,38228432,455864526,236759,251826,0.0,99.1796875,0.0,750.15234375,0.0,849.33203125,0.0,29.18359375,"2049730,2049793,2049794",2049653,1311
2026-03-25T15:56:16.338844+00:00,1.9,14.9,0.32470703125,0.33837890625,0.3828125,38231282,455864526,236782,251826,0.8,99.1796875,0.0,750.15234375,0.8,849.33203125,0.0,29.18359375,"2049730,2049793,2049794",2049653,1311
2026-03-25T15:56:17.541168+00:00,0.0,14.9,0.32470703125,0.33837890625,0.3828125,38234281,455864526,236799,251826,0.0,99.1796875,0.0,750.15234375,0.0,849.33203125,0.0,29.18359375,"2049730,2049793,2049794",2049653,1311
2026-03-25T15:56:18.743336+00:00,0.6,14.9,0.32470703125,0.33837890625,0.3828125,38236843,455864580,236812,251827,0.0,99.1796875,0.0,750.15234375,0.0,849.33203125,0.0,29.18359375,"2049730,2049793,2049794",2049653,1311
2026-03-25T15:56:19.945695+00:00,13.7,14.9,0.32470703125,0.33837890625,0.3828125,38238891,455864580,236830,251827,1.7,99.1796875,0.0,750.15234375,1.7,849.33203125,0.0,29.18359375,"2049730,2049793,2049794",2049653,1311
2026-03-25T15:56:21.148152+00:00,3.1,14.9,0.458984375,0.3662109375,0.3916015625,38241319,455864666,236846,251828,0.0,99.1796875,0.0,750.15234375,0.0,849.33203125,0.0,29.18359375,"2049730,2049793,2049794",2049653,1311
2026-03-25T15:56:22.350400+00:00,1.9,14.9,0.458984375,0.3662109375,0.3916015625,38242153,455864666,236857,251828,0.8,99.1796875,0.0,750.15234375,0.8,849.33203125,0.0,29.18359375,"2049730,2049793,2049794",2049653,1311
2026-03-25T15:56:23.552655+00:00,0.0,14.9,0.458984375,0.3662109375,0.3916015625,38243097,455864766,236868,251830,0.0,99.1796875,0.0,750.15234375,0.0,849.33203125,0.0,29.18359375,"2049730,2049793,2049794",2049653,1311
2026-03-25T15:56:24.755076+00:00,1.3,14.9,0.458984375,0.3662109375,0.3916015625,38245387,455864766,236880,251830,0.8,99.1796875,0.0,750.15234375,0.8,849.33203125,0.0,29.18359375,"2049730,2049793,2049794",2049653,1311
2026-03-25T15:56:25.957296+00:00,11.8,14.9,0.458984375,0.3662109375,0.3916015625,38246361,455864766,236891,251830,0.8,99.1796875,0.0,750.15234375,0.8,849.33203125,0.0,29.18359375,"2049730,2049793,2049794",2049653,1311
2026-03-25T15:56:27.159488+00:00,0.6,14.9,0.50244140625,0.376953125,0.39501953125,38247898,455864766,236905,251830,0.0,99.1796875,0.0,750.15234375,0.0,849.33203125,0.0,29.18359375,"2049730,2049793,2049794",2049653,1311
2026-03-25T15:56:28.361827+00:00,1.9,14.9,0.50244140625,0.376953125,0.39501953125,38248342,455864766,236912,251830,0.8,99.1796875,0.0,750.15234375,0.8,849.33203125,0.0,29.18359375,"2049730,2049793,2049794",2049653,1311
2026-03-25T15:56:29.564141+00:00,1.2,14.9,0.50244140625,0.376953125,0.39501953125,38250385,455864820,236925,251831,0.0,99.1796875,0.0,750.15234375,0.0,849.33203125,0.0,29.18359375,"2049730,2049793,2049794",2049653,1311
2026-03-25T15:56:30.766379+00:00,4.4,14.9,0.50244140625,0.376953125,0.39501953125,38250916,455864820,236932,251831,1.7,99.1875,0.0,750.15234375,1.7,849.33984375,0.0,29.18359375,"2049730,2049793,2049794",2049653,1311
2026-03-25T15:56:31.969086+00:00,13.1,14.9,0.4619140625,0.37060546875,0.392578125,38252280,455864820,236945,251831,1.6,99.1796875,0.0,750.15234375,1.6,849.33203125,0.0,29.18359375,"2049730,2049793,2049794",2049653,1311
2026-03-25T15:56:33.170440+00:00,0.6,14.9,0.4619140625,0.37060546875,0.392578125,38254376,455864820,236956,251831,0.0,99.1796875,0.0,750.15234375,0.0,849.33203125,0.0,29.18359375,"2049730,2049793,2049794",2049653,1311
2026-03-25T15:56:34.372744+00:00,3.1,14.9,0.4619140625,0.37060546875,0.392578125,38313613,455917304,237941,252803,0.8,99.1796875,0.0,750.15234375,0.8,849.33203125,0.0,29.18359375,"2049730,2049793,2049794",2049653,1311
2026-03-25T15:56:35.575573+00:00,0.6,14.9,0.4619140625,0.37060546875,0.392578125,42189385,459403822,302526,317368,0.0,99.1796875,0.0,750.15234375,0.0,849.33203125,0.0,29.18359375,"2049730,2049793,2049794",2049653,1311
2026-03-25T15:56:36.777845+00:00,8.2,14.9,0.4248046875,0.3642578125,0.39013671875,42192044,459403822,302549,317368,1.7,99.1796875,0.0,750.15234375,1.7,849.33203125,0.0,29.18359375,"2049730,2049793,2049794",2049653,1311
2026-03-25T15:56:37.979485+00:00,1.2,14.9,0.4248046875,0.3642578125,0.39013671875,42193336,459403822,302564,317368,0.0,99.1875,0.0,750.15234375,0.0,849.33984375,0.0,29.18359375,"2049730,2049793,2049794",2049653,1311
2026-03-25T15:56:39.181741+00:00,0.6,14.9,0.4248046875,0.3642578125,0.39013671875,42194984,459403918,302584,317370,0.8,99.1796875,0.0,750.15234375,0.8,849.33203125,0.0,29.18359375,"2049730,2049793,2049794",2049653,1311
2026-03-25T15:56:40.383928+00:00,1.2,14.9,0.4248046875,0.3642578125,0.39013671875,42196681,459403960,302603,317371,0.0,99.1796875,0.0,750.15234375,0.0,849.33203125,0.0,29.18359375,"2049730,2049793,2049794",2049653,1311
2026-03-25T15:56:41.586060+00:00,0.6,14.9,0.390625,0.35791015625,0.3876953125,42197119,459403960,302609,317371,0.0,99.1796875,0.0,750.15234375,0.0,849.33203125,0.0,29.18359375,"2049730,2049793,2049794",2049653,1311
2026-03-25T15:56:42.788285+00:00,10.6,14.9,0.390625,0.35791015625,0.3876953125,42199388,459403960,302628,317371,0.8,99.1796875,0.0,750.15234375,0.8,849.33203125,0.0,29.18359375,"2049730,2049793,2049794",2049653,1311
2026-03-25T15:56:43.989795+00:00,0.6,14.9,0.390625,0.35791015625,0.3876953125,42200852,459404014,302644,317372,0.0,99.1796875,0.0,750.15234375,0.0,849.33203125,0.0,29.18359375,"2049730,2049793,2049794",2049653,1311
2026-03-25T15:56:45.192144+00:00,0.6,14.9,0.390625,0.35791015625,0.3876953125,42202112,459404014,302650,317372,1.7,99.18359375,0.8,750.15234375,2.5,849.3359375,0.8,29.18359375,"2049730,2049793,2049794",2049653,1311
2026-03-25T15:56:46.394460+00:00,1.3,14.9,0.439453125,0.36865234375,0.39111328125,42202677,459404014,302655,317372,0.0,99.18359375,0.0,750.15234375,0.0,849.3359375,0.0,29.18359375,"2049730,2049793,2049794",2049653,1311
2026-03-25T15:56:47.596746+00:00,0.6,14.9,0.439453125,0.36865234375,0.39111328125,42203175,459404014,302658,317372,0.8,99.18359375,0.0,750.15234375,0.8,849.3359375,0.0,29.18359375,"2049730,2049793,2049794",2049653,1311
2026-03-25T15:56:48.799107+00:00,12.5,14.9,0.439453125,0.36865234375,0.39111328125,42204180,459404068,302668,317373,0.8,99.18359375,0.0,750.15234375,0.8,849.3359375,0.0,29.18359375,"2049730,2049793,2049794",2049653,1311
2026-03-25T15:56:50.000469+00:00,0.6,14.9,0.439453125,0.36865234375,0.39111328125,42204769,459404114,302676,317374,0.0,99.18359375,0.0,750.15234375,0.0,849.3359375,0.0,29.18359375,"2049730,2049793,2049794",2049653,1311
2026-03-25T15:56:51.202877+00:00,0.6,14.9,0.40380859375,0.3623046875,0.388671875,42205661,459404114,302687,317374,0.8,99.18359375,0.0,750.15234375,0.8,849.3359375,0.0,29.18359375,"2049730,2049793,2049794",2049653,1311
2026-03-25T15:56:52.405036+00:00,2.5,14.9,0.40380859375,0.3623046875,0.388671875,42207200,459404114,302701,317374,0.0,99.18359375,0.0,750.15234375,0.0,849.3359375,0.0,29.18359375,"2049730,2049793,2049794",2049653,1311
2026-03-25T15:56:53.607131+00:00,0.6,14.9,0.40380859375,0.3623046875,0.388671875,42209073,459404200,302714,317375,1.6,99.18359375,0.0,750.15234375,1.6,849.3359375,0.0,29.18359375,"2049730,2049793,2049794",2049653,1311
2026-03-25T15:56:54.809375+00:00,13.6,14.9,0.40380859375,0.3623046875,0.388671875,42211724,459404254,302732,317376,0.8,99.18359375,0.0,750.15234375,0.8,849.3359375,0.0,29.18359375,"2049730,2049793,2049794",2049653,1311
2026-03-25T15:56:56.011631+00:00,0.6,14.9,0.40380859375,0.3623046875,0.388671875,42213793,459404254,302746,317376,0.0,99.18359375,0.0,750.15234375,0.0,849.3359375,0.0,29.18359375,"2049730,2049793,2049794",2049653,1311
2026-03-25T15:56:57.214032+00:00,0.6,14.9,0.37109375,0.35595703125,0.38623046875,42215172,459404254,302759,317376,1.7,99.18359375,0.0,750.15234375,1.7,849.3359375,0.0,29.18359375,"2049730,2049793,2049794",2049653,1311
2026-03-25T15:56:58.418535+00:00,3.1,14.9,0.37109375,0.35595703125,0.38623046875,42218336,459404254,302779,317376,0.0,99.18359375,0.0,750.15234375,0.0,849.3359375,0.0,29.18359375,"2049730,2049793,2049794",2049653,1311
2026-03-25T15:56:59.620652+00:00,0.6,14.9,0.37109375,0.35595703125,0.38623046875,42219384,459404308,302788,317377,0.0,99.18359375,0.0,750.15234375,0.0,849.3359375,0.0,29.18359375,"2049730,2049793,2049794",2049653,1311
2026-03-25T15:57:00.822916+00:00,11.9,14.9,0.37109375,0.35595703125,0.38623046875,42221568,459404308,302809,317377,1.7,99.18359375,0.0,750.15234375,1.7,849.3359375,0.0,29.18359375,"2049730,2049793,2049794",2049653,1311
2026-03-25T15:57:02.025060+00:00,0.6,14.9,0.34130859375,0.349609375,0.3837890625,42224832,459404308,302833,317377,0.0,99.18359375,0.0,750.15234375,0.0,849.3359375,0.0,29.18359375,"2049730,2049793,2049794",2049653,1311
2026-03-25T15:57:03.227389+00:00,0.0,14.9,0.34130859375,0.349609375,0.3837890625,42226776,459404394,302849,317378,0.8,99.1875,0.0,750.15234375,0.8,849.33984375,0.0,29.18359375,"2049730,2049793,2049794",2049653,1311
2026-03-25T15:57:04.429590+00:00,13.1,14.9,0.34130859375,0.349609375,0.3837890625,42227643,459404448,302861,317379,0.0,99.1875,0.0,750.15234375,0.0,849.33984375,0.0,29.18359375,"2049730,2049793,2049794",2049653,1311
2026-03-25T15:57:05.631944+00:00,2.5,14.9,0.34130859375,0.349609375,0.3837890625,42228235,459404448,302870,317379,0.8,99.1875,0.0,750.15234375,0.8,849.33984375,0.0,29.18359375,"2049730,2049793,2049794",2049653,1311
2026-03-25T15:57:06.834293+00:00,13.0,14.9,0.31396484375,0.34375,0.38134765625,42229332,459404448,302885,317379,0.8,99.1875,0.0,750.15234375,0.8,849.33984375,0.0,29.18359375,"2049730,2049793,2049794",2049653,1311
2026-03-25T15:57:08.036842+00:00,0.6,14.9,0.31396484375,0.34375,0.38134765625,42229839,459404448,302892,317379,0.0,99.1875,0.0,750.15234375,0.0,849.33984375,0.8,29.18359375,"2049730,2049793,2049794",2049653,1311
2026-03-25T15:57:09.239027+00:00,0.6,14.9,0.31396484375,0.34375,0.38134765625,42230259,459404544,302899,317381,1.7,99.1875,0.0,750.15234375,1.7,849.33984375,0.0,29.18359375,"2049730,2049793,2049794",2049653,1311
2026-03-25T15:57:10.441249+00:00,13.1,14.9,0.31396484375,0.34375,0.38134765625,42231089,459404544,302905,317381,0.0,99.1875,0.0,750.15234375,0.0,849.33984375,0.0,29.18359375,"2049730,2049793,2049794",2049653,1311
2026-03-25T15:57:11.643542+00:00,2.5,14.9,0.369140625,0.35498046875,0.384765625,42231788,459404544,302912,317381,0.0,99.1875,0.0,750.15234375,0.0,849.33984375,0.0,29.18359375,"2049730,2049793,2049794",2049653,1311
2026-03-25T15:57:12.845852+00:00,13.2,14.9,0.369140625,0.35498046875,0.384765625,42234562,459404544,302933,317381,0.8,99.1875,0.0,750.15234375,0.8,849.33984375,0.0,29.18359375,"2049730,2049793,2049794",2049653,1311
2026-03-25T15:57:14.048096+00:00,0.6,14.9,0.369140625,0.35498046875,0.384765625,42238410,459406661,302956,317395,0.0,99.1875,0.8,750.15234375,0.8,849.33984375,0.0,29.18359375,"2049730,2049793,2049794",2049653,1311
2026-03-25T15:57:15.250392+00:00,0.0,14.9,0.369140625,0.35498046875,0.384765625,42238979,459406661,302963,317395,0.8,99.1875,0.0,750.15234375,0.8,849.33984375,0.0,29.18359375,"2049730,2049793,2049794",2049653,1311
2026-03-25T15:57:16.452644+00:00,12.4,14.9,0.33935546875,0.3486328125,0.38232421875,42240106,459406661,302971,317395,1.7,99.1875,0.0,750.15234375,1.7,849.33984375,0.0,29.18359375,"2049730,2049793,2049794",2049653,1311
2026-03-25T15:57:17.653842+00:00,1.9,14.9,0.33935546875,0.3486328125,0.38232421875,42241196,459406661,302979,317395,0.0,99.1875,0.0,750.15234375,0.0,849.33984375,0.0,29.18359375,"2049730,2049793,2049794",2049653,1311
2026-03-25T15:57:18.856089+00:00,12.5,14.9,0.33935546875,0.3486328125,0.38232421875,42242680,459406703,302995,317396,0.0,99.1875,0.0,750.15234375,0.0,849.33984375,0.0,29.18359375,"2049730,2049793,2049794",2049653,1311
2026-03-25T15:57:20.058372+00:00,0.6,14.9,0.33935546875,0.3486328125,0.38232421875,42243419,459406757,303005,317397,0.0,99.1875,0.0,750.15234375,0.0,849.33984375,0.0,29.18359375,"2049730,2049793,2049794",2049653,1311
2026-03-25T15:57:21.260767+00:00,1.9,14.9,0.392578125,0.35986328125,0.3857421875,42243857,459406757,303009,317397,0.8,99.1875,0.0,750.15234375,0.8,849.33984375,0.8,29.18359375,"2049730,2049793,2049794",2049653,1311
2026-03-25T15:57:22.463103+00:00,10.6,14.9,0.392578125,0.35986328125,0.3857421875,42244387,459406803,303016,317398,0.8,99.1875,0.0,750.15234375,0.8,849.33984375,0.0,29.18359375,"2049730,2049793,2049794",2049653,1311
2026-03-25T15:57:23.664543+00:00,2.5,14.9,0.392578125,0.35986328125,0.3857421875,42244980,459406803,303024,317398,0.8,99.1875,0.0,750.15234375,0.8,849.33984375,0.0,29.18359375,"2049730,2049793,2049794",2049653,1311
2026-03-25T15:57:24.866893+00:00,12.6,14.9,0.392578125,0.35986328125,0.3857421875,42245304,459406857,303029,317399,0.8,99.1875,0.0,750.15234375,0.8,849.33984375,0.0,29.18359375,"2049730,2049793,2049794",2049653,1311
2026-03-25T15:57:26.069287+00:00,0.0,14.9,0.392578125,0.35986328125,0.3857421875,42246017,459406943,303032,317400,0.0,99.1875,0.0,750.15234375,0.0,849.33984375,0.0,29.18359375,"2049730,2049793,2049794",2049653,1311
2026-03-25T15:57:27.271668+00:00,0.0,14.9,0.36083984375,0.353515625,0.38330078125,42246197,459406943,303035,317400,0.8,99.1875,0.0,750.15234375,0.8,849.33984375,0.0,29.18359375,"2049730,2049793,2049794",2049653,1311
2026-03-25T15:57:28.473981+00:00,0.6,14.9,0.36083984375,0.353515625,0.38330078125,42248450,459406943,303051,317400,0.0,99.1875,0.0,750.15234375,0.0,849.33984375,0.0,29.18359375,"2049730,2049793,2049794",2049653,1311
2026-03-25T15:57:29.676168+00:00,1.2,14.9,0.36083984375,0.353515625,0.38330078125,42248990,459406997,303057,317401,0.8,99.1875,0.0,750.15234375,0.8,849.33984375,0.0,29.18359375,"2049730,2049793,2049794",2049653,1311
2026-03-25T15:57:30.878278+00:00,12.6,14.9,0.36083984375,0.353515625,0.38330078125,42250334,459406997,303075,317401,0.8,99.1875,0.0,750.15234375,0.8,849.33984375,0.0,29.18359375,"2049730,2049793,2049794",2049653,1311
2026-03-25T15:57:32.080671+00:00,0.6,14.9,0.33154296875,0.34716796875,0.380859375,42252174,459407083,303096,317402,0.0,99.1875,0.0,750.15234375,0.0,849.33984375,0.0,29.18359375,"2049730,2049793,2049794",2049653,1311
2026-03-25T15:57:33.282957+00:00,0.6,14.9,0.33154296875,0.34716796875,0.380859375,42252714,459407083,303105,317402,1.7,99.1875,0.0,750.15234375,1.7,849.33984375,0.0,29.18359375,"2049730,2049793,2049794",2049653,1311
2026-03-25T15:57:34.485398+00:00,0.6,14.9,0.33154296875,0.34716796875,0.380859375,42253424,459407137,303116,317403,0.0,99.1875,0.0,750.15234375,0.0,849.33984375,0.0,29.18359375,"2049730,2049793,2049794",2049653,1311
2026-03-25T15:57:35.687826+00:00,1.9,14.9,0.33154296875,0.34716796875,0.380859375,42254560,459407137,303130,317403,0.8,99.1875,0.0,750.15234375,0.8,849.33984375,0.0,29.18359375,"2049730,2049793,2049794",2049653,1311
2026-03-25T15:57:36.890220+00:00,13.0,14.9,0.3046875,0.34130859375,0.37841796875,42255184,459407137,303140,317403,0.0,99.1875,0.0,750.15234375,0.0,849.33984375,0.0,29.18359375,"2049730,2049793,2049794",2049653,1311
2026-03-25T15:57:38.092628+00:00,0.6,14.9,0.3046875,0.34130859375,0.37841796875,42256456,459407137,303153,317403,0.0,99.1875,0.0,750.15234375,0.0,849.33984375,0.0,29.18359375,"2049730,2049793,2049794",2049653,1311
2026-03-25T15:57:39.295073+00:00,1.2,14.9,0.3046875,0.34130859375,0.37841796875,42257105,459407191,303162,317404,1.7,99.1875,0.0,750.15234375,1.7,849.33984375,0.0,29.18359375,"2049730,2049793,2049794",2049653,1311
2026-03-25T15:57:40.497348+00:00,0.6,14.9,0.3046875,0.34130859375,0.37841796875,42257659,459407191,303168,317404,0.0,99.1875,0.0,750.15234375,0.0,849.33984375,0.0,29.18359375,"2049730,2049793,2049794",2049653,1311
2026-03-25T15:57:41.699545+00:00,1.9,14.9,0.2802734375,0.33544921875,0.3759765625,42258545,459407191,303177,317404,0.8,99.1875,0.0,750.15234375,0.8,849.33984375,0.0,29.18359375,"2049730,2049793,2049794",2049653,1311
2026-03-25T15:57:42.901755+00:00,12.6,14.9,0.2802734375,0.33544921875,0.3759765625,42260964,459407191,303196,317404,0.8,99.1875,0.0,750.15234375,0.8,849.33984375,0.0,29.18359375,"2049730,2049793,2049794",2049653,1311
2026-03-25T15:57:44.103880+00:00,0.0,14.9,0.2802734375,0.33544921875,0.3759765625,42261582,459407191,303203,317404,0.0,99.1875,0.0,750.15234375,0.0,849.33984375,0.0,29.18359375,"2049730,2049793,2049794",2049653,1311
2026-03-25T15:57:45.306203+00:00,0.0,14.9,0.2802734375,0.33544921875,0.3759765625,42262384,459407373,303216,317407,0.8,99.1875,0.0,750.15234375,0.8,849.33984375,0.0,29.18359375,"2049730,2049793,2049794",2049653,1311
2026-03-25T15:57:46.508411+00:00,0.6,14.9,0.2578125,0.32958984375,0.37353515625,42263011,459407373,303223,317407,0.0,99.1875,0.0,750.15234375,0.0,849.33984375,0.0,29.18359375,"2049730,2049793,2049794",2049653,1311
2026-03-25T15:57:47.710855+00:00,1.9,14.9,0.2578125,0.32958984375,0.37353515625,42263577,459407373,303232,317407,0.8,99.1875,0.0,750.15234375,0.8,849.33984375,0.0,29.18359375,"2049730,2049793,2049794",2049653,1311
2026-03-25T15:57:48.914527+00:00,14.9,14.9,0.2578125,0.32958984375,0.37353515625,42263721,459407373,303234,317407,0.8,99.1875,0.0,750.15234375,0.8,849.33984375,0.8,29.18359375,"2049730,2049793,2049794",2049653,1311
2026-03-25T15:57:50.116660+00:00,0.6,14.9,0.2578125,0.32958984375,0.37353515625,42264276,459407427,303240,317408,0.0,99.1875,0.0,750.15234375,0.0,849.33984375,0.0,29.18359375,"2049730,2049793,2049794",2049653,1311
2026-03-25T15:57:51.318961+00:00,0.6,14.9,0.23681640625,0.32373046875,0.37109375,42264953,459407427,303247,317408,0.8,99.1875,0.0,750.15234375,0.8,849.33984375,0.0,29.18359375,"2049730,2049793,2049794",2049653,1311
2026-03-25T15:57:52.521273+00:00,0.6,14.9,0.23681640625,0.32373046875,0.37109375,42265355,459407427,303250,317408,0.0,99.1875,0.0,750.15234375,0.0,849.33984375,0.0,29.18359375,"2049730,2049793,2049794",2049653,1311
2026-03-25T15:57:53.723540+00:00,1.3,14.9,0.23681640625,0.32373046875,0.37109375,42266162,459407813,303256,317413,1.7,99.1875,0.0,750.15234375,1.7,849.33984375,0.0,29.18359375,"2049730,2049793,2049794",2049653,1311
2026-03-25T15:57:54.925782+00:00,18.2,14.9,0.23681640625,0.32373046875,0.37109375,42266366,459407813,303259,317413,0.0,99.1875,0.0,750.15234375,0.0,849.33984375,0.0,29.18359375,"2049730,2049793,2049794",2049653,1311
2026-03-25T15:57:56.128187+00:00,0.6,14.9,0.2177734375,0.31787109375,0.36865234375,42266606,459407813,303263,317413,0.0,99.1875,0.0,750.15234375,0.0,849.33984375,0.0,29.18359375,"2049730,2049793,2049794",2049653,1311
2026-03-25T15:57:57.330495+00:00,1.2,14.9,0.2177734375,0.31787109375,0.36865234375,42267462,459407813,303268,317413,0.8,99.1875,0.0,750.15234375,0.8,849.33984375,0.0,29.18359375,"2049730,2049793,2049794",2049653,1311
2026-03-25T15:57:58.532834+00:00,0.0,14.9,0.2177734375,0.31787109375,0.36865234375,42269420,459407867,303281,317414,0.0,99.1875,0.0,750.15234375,0.0,849.33984375,0.0,29.18359375,"2049730,2049793,2049794",2049653,1311
2026-03-25T15:57:59.735183+00:00,2.5,14.9,0.2177734375,0.31787109375,0.36865234375,42269960,459407867,303290,317414,1.7,99.1875,0.0,750.15234375,1.7,849.33984375,0.0,29.18359375,"2049730,2049793,2049794",2049653,1311
2026-03-25T15:58:00.937555+00:00,11.9,14.9,0.2177734375,0.31787109375,0.36865234375,42270962,459407867,303305,317414,0.0,99.19140625,0.0,750.15234375,0.0,849.34375,0.0,29.18359375,"2049730,2049793,2049794",2049653,1311
2026-03-25T15:58:02.139830+00:00,0.6,14.9,0.2001953125,0.3125,0.3662109375,42272382,459407867,303319,317414,0.0,99.19140625,0.0,750.15234375,0.0,849.34375,0.0,29.18359375,"2049730,2049793,2049794",2049653,1311
2026-03-25T15:58:03.342160+00:00,0.0,14.9,0.2001953125,0.3125,0.3662109375,42273186,459407921,303332,317415,0.8,99.19140625,0.0,750.15234375,0.8,849.34375,0.0,29.18359375,"2049730,2049793,2049794",2049653,1311
2026-03-25T15:58:04.544419+00:00,0.6,14.9,0.2001953125,0.3125,0.3662109375,42273726,459407921,303341,317415,0.0,99.19140625,0.0,750.15234375,0.0,849.34375,0.0,29.18359375,"2049730,2049793,2049794",2049653,1311
2026-03-25T15:58:05.746782+00:00,1.9,14.9,0.2001953125,0.3125,0.3662109375,42274658,459407921,303350,317415,0.0,99.19140625,0.0,750.15234375,0.0,849.34375,0.0,29.18359375,"2049730,2049793,2049794",2049653,1311
2026-03-25T15:58:06.948986+00:00,18.0,14.9,0.18408203125,0.30712890625,0.36376953125,42275706,459407921,303366,317415,1.7,99.19140625,0.0,750.15234375,1.7,849.34375,0.0,29.18359375,"2049730,2049793,2049794",2049653,1311
2026-03-25T15:58:08.151240+00:00,0.6,14.9,0.18408203125,0.30712890625,0.36376953125,42277048,459408061,303379,317417,0.0,99.19140625,0.0,750.15234375,0.0,849.34375,0.0,29.18359375,"2049730,2049793,2049794",2049653,1311
2026-03-25T15:58:09.353551+00:00,0.6,14.9,0.18408203125,0.30712890625,0.36376953125,42277750,459408061,303387,317417,0.8,99.19140625,0.0,750.15234375,0.8,849.34375,0.0,29.18359375,"2049730,2049793,2049794",2049653,1311
2026-03-25T15:58:10.555849+00:00,0.6,14.9,0.18408203125,0.30712890625,0.36376953125,42278170,459408061,303394,317417,0.0,99.19140625,0.0,750.15234375,0.0,849.34375,0.0,29.18359375,"2049730,2049793,2049794",2049653,1311
2026-03-25T15:58:11.758187+00:00,1.9,14.9,0.1689453125,0.3017578125,0.361328125,42280331,459408401,303416,317421,0.8,99.19140625,0.0,750.15234375,0.8,849.34375,0.0,29.18359375,"2049730,2049793,2049794",2049653,1311
2026-03-25T15:58:12.960481+00:00,23.0,14.9,0.1689453125,0.3017578125,0.361328125,42282916,459408579,303436,317423,0.8,99.19140625,0.0,750.15234375,0.8,849.34375,0.0,29.18359375,"2049730,2049793,2049794",2049653,1311
2026-03-25T15:58:14.162660+00:00,0.0,14.9,0.1689453125,0.3017578125,0.361328125,42283474,459408579,303444,317423,0.0,99.19140625,0.0,750.15234375,0.0,849.34375,0.0,29.18359375,"2049730,2049793,2049794",2049653,1311
2026-03-25T15:58:15.364789+00:00,0.6,14.9,0.1689453125,0.3017578125,0.361328125,42283894,459408579,303451,317423,0.8,99.19140625,0.0,750.15234375,0.8,849.34375,0.0,29.18359375,"2049730,2049793,2049794",2049653,1311
2026-03-25T15:58:16.567155+00:00,1.2,14.9,0.1552734375,0.29638671875,0.359375,42284338,459408633,303458,317424,0.0,99.19140625,0.0,750.15234375,0.0,849.34375,0.0,29.18359375,"2049730,2049793,2049794",2049653,1311
2026-03-25T15:58:17.769350+00:00,2.5,14.9,0.1552734375,0.29638671875,0.359375,42284818,459408633,303466,317424,0.8,99.19140625,0.0,750.15234375,0.8,849.34375,0.0,29.18359375,"2049730,2049793,2049794",2049653,1311
2026-03-25T15:58:18.971686+00:00,19.8,14.9,0.1552734375,0.29638671875,0.359375,42285442,459408633,303476,317424,0.8,99.19140625,0.0,750.15234375,0.8,849.34375,0.0,29.18359375,"2049730,2049793,2049794",2049653,1311
2026-03-25T15:58:20.173138+00:00,0.6,14.9,0.1552734375,0.29638671875,0.359375,42286026,459408633,303482,317424,0.0,99.19140625,0.0,750.15234375,0.0,849.34375,0.0,29.18359375,"2049730,2049793,2049794",2049653,1311
2026-03-25T15:58:21.375392+00:00,1.2,14.9,0.22314453125,0.30810546875,0.36328125,42287170,459408773,303495,317426,1.7,99.19140625,0.0,750.15234375,1.7,849.34375,0.0,29.18359375,"2049730,2049793,2049794",2049653,1311
2026-03-25T15:58:22.577748+00:00,0.0,14.9,0.22314453125,0.30810546875,0.36328125,42288162,459408773,303509,317426,0.0,99.19140625,0.0,750.15234375,0.0,849.34375,0.0,29.18359375,"2049730,2049793,2049794",2049653,1311
2026-03-25T15:58:23.780069+00:00,1.9,14.9,0.22314453125,0.30810546875,0.36328125,42288976,459408773,303520,317426,0.8,99.19140625,0.0,750.15234375,0.8,849.34375,0.8,29.18359375,"2049730,2049793,2049794",2049653,1311
2026-03-25T15:58:24.982315+00:00,12.6,14.9,0.22314453125,0.30810546875,0.36328125,42289300,459408773,303525,317426,0.8,99.19140625,0.0,750.15234375,0.8,849.34375,0.0,29.18359375,"2049730,2049793,2049794",2049653,1311
2026-03-25T15:58:26.184681+00:00,0.0,14.9,0.205078125,0.302734375,0.361328125,42290326,459408873,303540,317428,0.8,99.19140625,0.0,750.15234375,0.8,849.34375,0.0,29.18359375,"2049730,2049793,2049794",2049653,1311
2026-03-25T15:58:27.386906+00:00,0.6,14.9,0.205078125,0.302734375,0.361328125,42291044,459408873,303549,317428,0.8,99.19140625,0.0,750.15234375,0.8,849.34375,0.0,29.18359375,"2049730,2049793,2049794",2049653,1311
2026-03-25T15:58:28.589190+00:00,1.2,14.9,0.205078125,0.302734375,0.361328125,42292829,459408873,303561,317428,0.0,99.19140625,0.0,750.15234375,0.0,849.34375,0.0,29.18359375,"2049730,2049793,2049794",2049653,1311
2026-03-25T15:58:29.791461+00:00,1.9,14.9,0.205078125,0.302734375,0.361328125,42293129,459408873,303566,317428,0.8,99.19140625,0.0,750.15234375,0.8,849.34375,0.0,29.18359375,"2049730,2049793,2049794",2049653,1311
2026-03-25T15:58:30.993589+00:00,10.6,14.9,0.205078125,0.302734375,0.361328125,42294873,459408927,303588,317429,0.8,99.19140625,0.0,750.15234375,0.8,849.34375,0.0,29.18359375,"2049730,2049793,2049794",2049653,1311
2026-03-25T15:58:32.195773+00:00,0.6,14.9,0.26904296875,0.314453125,0.365234375,42296817,459408927,303607,317429,0.0,99.19140625,0.0,750.15234375,0.0,849.34375,0.0,29.18359375,"2049730,2049793,2049794",2049653,1311
2026-03-25T15:58:33.398149+00:00,0.6,14.9,0.26904296875,0.314453125,0.365234375,42297493,459408927,303617,317429,0.8,99.19140625,0.0,750.15234375,0.8,849.34375,0.0,29.18359375,"2049730,2049793,2049794",2049653,1311
2026-03-25T15:58:34.600500+00:00,0.6,14.9,0.26904296875,0.314453125,0.365234375,42298678,459408927,303632,317429,0.0,99.19140625,0.0,750.15234375,0.0,849.34375,0.0,29.18359375,"2049730,2049793,2049794",2049653,1311
2026-03-25T15:58:35.802890+00:00,1.9,14.9,0.26904296875,0.314453125,0.365234375,42299644,459408927,303646,317429,0.8,99.19140625,0.0,750.15234375,0.8,849.34375,0.0,29.18359375,"2049730,2049793,2049794",2049653,1311
2026-03-25T15:58:37.006059+00:00,8.8,14.9,0.2470703125,0.30908203125,0.36279296875,42300602,459408981,303659,317430,0.0,99.19140625,0.0,750.15234375,0.0,849.34375,0.0,29.18359375,"2049730,2049793,2049794",2049653,1311
2026-03-25T15:58:38.208590+00:00,0.0,14.9,0.2470703125,0.30908203125,0.36279296875,42300782,459408981,303662,317430,1.7,99.19140625,0.0,750.15234375,1.7,849.34375,0.0,29.18359375,"2049730,2049793,2049794",2049653,1311
2026-03-25T15:58:39.410885+00:00,1.9,14.9,0.2470703125,0.30908203125,0.36279296875,42301476,459408981,303671,317430,0.0,99.19140625,0.0,750.15234375,0.0,849.34375,0.0,29.18359375,"2049730,2049793,2049794",2049653,1311
2026-03-25T15:58:40.613201+00:00,1.2,14.9,0.2470703125,0.30908203125,0.36279296875,42303008,459408981,303685,317430,0.0,99.19140625,0.0,750.15234375,0.0,849.34375,0.0,29.18359375,"2049730,2049793,2049794",2049653,1311
2026-03-25T15:58:41.815545+00:00,1.9,14.9,0.22705078125,0.3037109375,0.36083984375,42303950,459409163,303698,317433,0.8,99.19140625,0.0,750.15234375,0.8,849.34375,0.0,29.18359375,"2049730,2049793,2049794",2049653,1311
2026-03-25T15:58:43.017739+00:00,3.2,14.9,0.22705078125,0.3037109375,0.36083984375,42306279,459409163,303718,317433,0.8,99.19140625,0.0,750.15234375,0.8,849.34375,0.0,29.18359375,"2049730,2049793,2049794",2049653,1311
2026-03-25T15:58:44.219821+00:00,0.0,14.9,0.22705078125,0.3037109375,0.36083984375,42308989,459409163,303744,317433,0.8,99.19140625,0.0,750.15234375,0.8,849.34375,0.0,29.18359375,"2049730,2049793,2049794",2049653,1311
2026-03-25T15:58:45.421982+00:00,11.3,14.9,0.22705078125,0.3037109375,0.36083984375,42310980,459409163,303759,317433,0.0,99.19140625,0.0,750.15234375,0.0,849.34375,0.0,29.18359375,"2049730,2049793,2049794",2049653,1311
2026-03-25T15:58:46.624398+00:00,0.0,14.9,0.20849609375,0.29833984375,0.35888671875,42312083,459409217,303767,317434,0.0,99.19140625,0.0,750.15234375,0.0,849.34375,0.0,29.18359375,"2049730,2049793,2049794",2049653,1311
2026-03-25T15:58:47.826806+00:00,2.5,14.9,0.20849609375,0.29833984375,0.35888671875,42312978,459409217,303773,317434,1.7,99.19140625,0.0,750.15234375,1.7,849.34375,0.0,29.18359375,"2049730,2049793,2049794",2049653,1311
2026-03-25T15:58:49.029089+00:00,5.0,14.9,0.20849609375,0.29833984375,0.35888671875,42318764,459409217,303806,317434,0.8,99.19140625,0.0,750.15234375,0.8,849.34375,0.0,29.18359375,"2049730,2049793,2049794",2049653,1311
2026-03-25T15:58:50.231323+00:00,0.6,14.9,0.20849609375,0.29833984375,0.35888671875,42319987,459409217,303822,317434,0.0,99.19140625,0.0,750.15234375,0.0,849.34375,0.0,29.18359375,"2049730,2049793,2049794",2049653,1311
2026-03-25T15:58:51.433627+00:00,13.7,14.9,0.19140625,0.29296875,0.35693359375,42321367,459409357,303837,317436,0.8,99.19140625,0.0,750.15234375,0.8,849.34375,0.0,29.18359375,"2049730,2049793,2049794",2049653,1311
2026-03-25T15:58:52.636047+00:00,0.6,14.9,0.19140625,0.29296875,0.35693359375,42322932,459409357,303848,317436,0.0,99.19140625,0.0,750.15234375,0.0,849.34375,0.8,29.18359375,"2049730,2049793,2049794",2049653,1311
2026-03-25T15:58:53.838421+00:00,1.9,14.9,0.19140625,0.29296875,0.35693359375,42323258,459409357,303853,317436,1.7,99.19140625,0.0,750.15234375,1.7,849.34375,0.0,29.18359375,"2049730,2049793,2049794",2049653,1311
2026-03-25T15:58:55.040685+00:00,0.6,14.9,0.19140625,0.29296875,0.35693359375,42324245,459409357,303863,317436,0.0,99.19140625,0.0,750.15234375,0.0,849.34375,0.0,29.18359375,"2049730,2049793,2049794",2049653,1311
2026-03-25T15:58:56.242824+00:00,0.0,14.9,0.17578125,0.2880859375,0.35498046875,42325884,459409411,303878,317437,0.8,99.19140625,0.0,750.15234375,0.8,849.34375,0.0,29.18359375,"2049730,2049793,2049794",2049653,1311
2026-03-25T15:58:57.445008+00:00,13.2,14.9,0.17578125,0.2880859375,0.35498046875,42326962,459409411,303892,317437,0.8,99.19140625,0.0,750.15234375,0.8,849.34375,0.0,29.18359375,"2049730,2049793,2049794",2049653,1311
2026-03-25T15:58:58.647273+00:00,0.6,14.9,0.17578125,0.2880859375,0.35498046875,42329675,459409797,303911,317442,0.0,99.19140625,0.0,750.15234375,0.0,849.34375,0.0,29.18359375,"2049730,2049793,2049794",2049653,1311
2026-03-25T15:58:59.849591+00:00,13.0,14.9,0.17578125,0.2880859375,0.35498046875,42332050,459409797,303931,317442,0.8,99.19140625,0.0,750.15234375,0.8,849.34375,0.0,29.18359375,"2049730,2049793,2049794",2049653,1311
2026-03-25T15:59:01.050806+00:00,10.6,14.9,0.17578125,0.2880859375,0.35498046875,42333727,459409797,303944,317442,0.0,99.19140625,0.0,750.15234375,0.0,849.34375,0.0,29.18359375,"2049730,2049793,2049794",2049653,1311
2026-03-25T15:59:02.253221+00:00,0.6,14.9,0.16162109375,0.283203125,0.35302734375,42335419,459409797,303958,317442,0.8,99.19140625,0.0,750.15234375,0.8,849.34375,0.0,29.18359375,"2049730,2049793,2049794",2049653,1311
2026-03-25T15:59:03.455570+00:00,13.1,14.9,0.16162109375,0.283203125,0.35302734375,42336525,459409851,303972,317443,0.8,99.19140625,0.0,750.15234375,0.8,849.34375,0.0,29.18359375,"2049730,2049793,2049794",2049653,1311
2026-03-25T15:59:04.657878+00:00,0.6,14.9,0.16162109375,0.283203125,0.35302734375,42337427,459409851,303983,317443,0.0,99.19140625,0.0,750.15234375,0.0,849.34375,0.0,29.18359375,"2049730,2049793,2049794",2049653,1311
2026-03-25T15:59:05.860228+00:00,1.9,14.9,0.16162109375,0.283203125,0.35302734375,42337907,459409851,303991,317443,0.8,99.19140625,0.0,750.15234375,0.8,849.34375,0.0,29.18359375,"2049730,2049793,2049794",2049653,1311
2026-03-25T15:59:07.062530+00:00,6.8,14.9,0.1484375,0.2783203125,0.35107421875,42338591,459409851,304002,317443,0.8,99.19140625,0.0,750.15234375,0.8,849.34375,0.0,29.18359375,"2049730,2049793,2049794",2049653,1311
2026-03-25T15:59:08.264586+00:00,0.6,14.9,0.1484375,0.2783203125,0.35107421875,42338951,459409905,304008,317444,0.0,99.19140625,0.0,750.15234375,0.0,849.34375,0.0,29.18359375,"2049730,2049793,2049794",2049653,1311
2026-03-25T15:59:09.466681+00:00,2.5,14.9,0.1484375,0.2783203125,0.35107421875,42340343,459409905,304024,317444,1.7,99.19140625,0.8,750.15234375,2.5,849.34375,0.0,29.18359375,"2049730,2049793,2049794",2049653,1311
2026-03-25T15:59:10.668083+00:00,0.0,14.9,0.1484375,0.2783203125,0.35107421875,42341335,459410083,304034,317446,0.0,99.19140625,0.0,750.15234375,0.0,849.34375,0.0,29.18359375,"2049730,2049793,2049794",2049653,1311
2026-03-25T15:59:11.870374+00:00,1.9,14.9,0.13623046875,0.2734375,0.34912109375,42341747,459410083,304040,317446,0.8,99.19140625,0.0,750.15234375,0.8,849.34375,0.0,29.18359375,"2049730,2049793,2049794",2049653,1311
2026-03-25T15:59:13.072647+00:00,5.6,14.9,0.13623046875,0.2734375,0.34912109375,42344014,459410137,304054,317447,0.0,99.19140625,0.0,750.15234375,0.0,849.34375,0.0,29.18359375,"2049730,2049793,2049794",2049653,1311
2026-03-25T15:59:14.274966+00:00,0.6,14.9,0.13623046875,0.2734375,0.34912109375,42345003,459410477,304065,317451,0.0,99.19140625,0.0,750.15234375,0.0,849.34375,0.0,29.18359375,"2049730,2049793,2049794",2049653,1311
2026-03-25T15:59:15.477271+00:00,0.6,14.9,0.13623046875,0.2734375,0.34912109375,42345653,459410477,304075,317451,0.8,99.19140625,0.0,750.15234375,0.8,849.34375,0.0,29.18359375,"2049730,2049793,2049794",2049653,1311
2026-03-25T15:59:16.679638+00:00,1.2,14.9,0.125,0.2685546875,0.34716796875,42346642,459410477,304083,317451,0.8,99.19140625,0.0,750.15234375,0.8,849.34375,0.0,29.18359375,"2049730,2049793,2049794",2049653,1311
2026-03-25T15:59:17.881874+00:00,2.5,14.9,0.125,0.2685546875,0.34716796875,42346702,459410477,304084,317451,0.8,99.19140625,0.0,750.15234375,0.8,849.34375,0.0,29.18359375,"2049730,2049793,2049794",2049653,1311
2026-03-25T15:59:19.084295+00:00,3.1,14.9,0.125,0.2685546875,0.34716796875,42347984,459410531,304098,317452,0.0,99.19140625,0.0,750.15234375,0.0,849.34375,0.0,29.18359375,"2049730,2049793,2049794",2049653,1311
2026-03-25T15:59:20.286497+00:00,0.6,14.9,0.125,0.2685546875,0.34716796875,42348490,459410617,304106,317453,0.8,99.19140625,0.0,750.15234375,0.8,849.34375,0.0,29.18359375,"2049730,2049793,2049794",2049653,1311
2026-03-25T15:59:21.488668+00:00,1.2,14.9,0.11474609375,0.263671875,0.34521484375,42349226,459410617,304117,317453,0.0,99.19140625,0.0,750.15234375,0.0,849.34375,0.0,29.18359375,"2049730,2049793,2049794",2049653,1311
2026-03-25T15:59:22.691028+00:00,3.7,14.9,0.11474609375,0.263671875,0.34521484375,42351409,459474036,304146,317495,0.8,99.19140625,0.0,750.15234375,0.8,849.34375,0.0,29.18359375,"2049730,2049793,2049794",2049653,1311
2026-03-25T15:59:23.894239+00:00,8.7,14.9,0.11474609375,0.263671875,0.34521484375,42358185,459621532,304223,317585,0.0,99.19140625,0.0,750.15234375,0.0,849.34375,0.0,29.18359375,"2049730,2049793,2049794",2049653,1311
2026-03-25T15:59:25.096468+00:00,0.6,14.9,0.11474609375,0.263671875,0.34521484375,42361924,459696365,304261,317640,0.8,99.19140625,0.0,750.15234375,0.8,849.34375,0.0,29.18359375,"2049730,2049793,2049794",2049653,1311
2026-03-25T15:59:26.298916+00:00,0.6,14.9,0.10546875,0.25927734375,0.34326171875,42365796,459770486,304302,317698,0.0,99.19140625,0.0,750.15234375,0.0,849.34375,0.8,29.18359375,"2049730,2049793,2049794",2049653,1311
2026-03-25T15:59:27.501190+00:00,0.0,14.9,0.10546875,0.25927734375,0.34326171875,42369671,459845200,304346,317750,1.7,99.19140625,0.0,750.15234375,1.7,849.34375,0.0,29.18359375,"2049730,2049793,2049794",2049653,1311
2026-03-25T15:59:28.703370+00:00,50.6,14.9,0.10546875,0.25927734375,0.34326171875,42381486,460686689,304491,317930,0.0,99.19140625,0.0,750.15234375,0.0,849.34375,0.0,29.18359375,"2049730,2049793,2049794",2049653,1311
2026-03-25T15:59:29.904586+00:00,6.9,14.9,0.10546875,0.25927734375,0.34326171875,42386723,460855388,304549,318013,0.8,99.19140625,3.3,750.15234375,4.1,849.34375,0.0,29.18359375,"2049730,2049793,2049794",2049653,1311
2026-03-25T15:59:31.106400+00:00,14.3,13.4,0.81787109375,0.40478515625,0.39013671875,42392059,461038306,304614,318098,0.0,99.19140625,0.0,0.0,0.0,99.19140625,0.0,29.18359375,"2049730,2049793,2049794",2049653,1311
2026-03-25T15:59:32.308736+00:00,6.3,13.4,0.81787109375,0.40478515625,0.39013671875,42406085,461809856,304774,318290,0.0,99.19140625,0.0,0.0,0.0,99.19140625,0.0,29.18359375,"2049730,2049793,2049794",2049653,1311
2026-03-25T15:59:33.510832+00:00,6.9,13.2,0.81787109375,0.40478515625,0.39013671875,42410807,461909416,304828,318354,0.0,0.0,0.0,0.0,0.0,0.0,0.0,29.18359375,"2049730,2049793,2049794",2049653,1311
2026-03-25T15:59:34.713526+00:00,53.5,13.3,0.81787109375,0.40478515625,0.39013671875,42425081,462576287,304989,318529,0.0,0.0,0.0,0.0,0.0,0.0,0.0,29.18359375,"2049730,2049793,2049794",2049653,1311
2026-03-25T15:59:35.915229+00:00,1.3,13.3,0.81787109375,0.40478515625,0.39013671875,42430304,462817124,305049,318620,0.0,0.0,0.0,0.0,0.0,0.0,0.0,29.18359375,"2049730,2049793,2049794",2049653,1311
2026-03-25T15:59:37.117233+00:00,53.7,13.3,0.751953125,0.39794921875,0.3876953125,42439832,463263305,305160,318750,0.0,0.0,0.0,0.0,0.0,0.0,0.0,29.18359375,"2049730,2049793,2049794",2049653,1311
